https://www.adb.org › news › adb-help-build-100-mw...,https://www.adb.org/news/adb-help-build-100-mw-solar-park-cambodia,"electricity 5,fund 4,bank 3,gas 1,transmission 1,system 1,supply 1,"
"""Cambodia"" PPP loan",www.adb.org › sites › default › files › publication,https://www.google.com/search?source=hp&ei=tG-JXujHK9ni-AaIxIjoAw&q=%22Cambodia%22+PPP+loan,investment 2,supply 2,water 1,bank 1,government 1,road 1,corporation 1,fund 1,transmission 1
"""Cambodia"" PPP loan",uk.practicallaw.thomsonreuters.com › ...,https://www.google.com/search?source=hp&ei=tG-JXujHK9ni-AaIxIjoAw&q=%22Cambodia%22+PPP+loan,investment 2,supply 2,water 1,bank 1,government 1,road 1,corporation 1,fund 1,transmission 1
"""Cambodia"" PPP loan",data.opendevelopmentmekong.net › download,https://www.google.com/search?source=hp&ei=tG-JXujHK9ni-AaIxIjoAw&q=%22Cambodia%22+PPP+loan,investment 2,supply 2,water 1,bank 1,government 1,road 1,corporation 1,fund 1,transmission 1
"""Cambodia"" PPP loan",www.ecfa.or.jp › act-pf_jka › KRI › english,https://www.google.com/search?source=hp&ei=tG-JXujHK9ni-AaIxIjoAw&q=%22Cambodia%22+PPP+loan,investment 2,supply 2,water 1,bank 1,government 1,road 1,corporation 1,fund 1,transmission 1
"""Cambodia"" PPP loan",books.google.co.kr › books,https://www.google.com/search?source=hp&ei=tG-JXujHK9ni-AaIxIjoAw&q=%22Cambodia%22+PPP+loan,investment 2,supply 2,water 1,bank 1,government 1,road 1,corporation 1,fund 1,transmission 1
"""Cambodia"" PPP loan",www.infrapppworld.com › news › megaproject-1...,https://www.google.com/search?source=hp&ei=tG-JXujHK9ni-AaIxIjoAw&q=%22Cambodia%22+PPP+loan,investment 2,supply 2,water 1,bank 1,government 1,road 1,corporation 1,fund 1,transmission 1
"""Cambodia"" PPP loan",books.google.co.kr › books,https://www.google.com/search?source=hp&ei=tG-JXujHK9ni-AaIxIjoAw&q=%22Cambodia%22+PPP+loan,investment 2,supply 2,water 1,bank 1,government 1,road 1,corporation 1,fund 1,transmission 1
"""Cambodia"" PPP loan",books.google.co.kr › books,https://www.google.com/search?source=hp&ei=tG-JXujHK9ni-AaIxIjoAw&q=%22Cambodia%22+PPP+loan,investment 2,supply 2,water 1,bank 1,government 1,road 1,corporation 1,fund 1,transmission 1
"""Cambodia"" PPP loan",www.oecd.org › derec › adb › Cambodia-Power-...,https://www.google.com/search?source=hp&ei=tG-JXujHK9ni-AaIxIjoAw&q=%22Cambodia%22+PPP+loan,investment 2,supply 2,water 1,bank 1,government 1,road 1,corporation 1,fund 1,transmission 1
"""Cambodia"" PPP loan",www.jica.go.jp › publications › reports › annual,https://www.google.com/search?source=hp&ei=tG-JXujHK9ni-AaIxIjoAw&q=%22Cambodia%22+PPP+loan,investment 2,supply 2,water 1,bank 1,government 1,road 1,corporation 1,fund 1,transmission 1
"""Cambodia"" PPP loan",www.oecd.org › derec › adb,https://www.google.com/search?q=%22Cambodia%22+PPP+loan&safe=vss&ei=t2-JXpOfLpDbhwORt7zwBw&start=10&sa=N&ved=2ahUKEwjT1rbnydDoAhWQ7WEKHZEbD34Q8tMDegQICxBL&biw=800&bih=377&dpr=2,bank 2,investment 2,government 1,fund 1,management 1
"""Cambodia"" PPP loan",www.aseankorea.org › aseanZone › downloadFile2,https://www.google.com/search?q=%22Cambodia%22+PPP+loan&safe=vss&ei=t2-JXpOfLpDbhwORt7zwBw&start=10&sa=N&ved=2ahUKEwjT1rbnydDoAhWQ7WEKHZEbD34Q8tMDegQICxBL&biw=800&bih=377&dpr=2,bank 2,investment 2,government 1,fund 1,management 1
"""Cambodia"" PPP loan",think-asia.org › bitstream › handle › adb-cambod...,https://www.google.com/search?q=%22Cambodia%22+PPP+loan&safe=vss&ei=t2-JXpOfLpDbhwORt7zwBw&start=10&sa=N&ved=2ahUKEwjT1rbnydDoAhWQ7WEKHZEbD34Q8tMDegQICxBL&biw=800&bih=377&dpr=2,bank 2,investment 2,government 1,fund 1,management 1
"""Cambodia"" PPP loan",www.ksp.go.kr › api › file › download › downloadFilename=Microfina...,https://www.google.com/search?q=%22Cambodia%22+PPP+loan&safe=vss&ei=t2-JXpOfLpDbhwORt7zwBw&start=10&sa=N&ved=2ahUKEwjT1rbnydDoAhWQ7WEKHZEbD34Q8tMDegQICxBL&biw=800&bih=377&dpr=2,bank 2,investment 2,government 1,fund 1,management 1
"""Cambodia"" PPP loan",www.imf.org › pubs › dsa › pdf › dsacr17325,https://www.google.com/search?q=%22Cambodia%22+PPP+loan&safe=vss&ei=t2-JXpOfLpDbhwORt7zwBw&start=10&sa=N&ved=2ahUKEwjT1rbnydDoAhWQ7WEKHZEbD34Q8tMDegQICxBL&biw=800&bih=377&dpr=2,bank 2,investment 2,government 1,fund 1,management 1
"""Cambodia"" PPP loan",books.google.co.kr › books,https://www.google.com/search?q=%22Cambodia%22+PPP+loan&safe=vss&ei=t2-JXpOfLpDbhwORt7zwBw&start=10&sa=N&ved=2ahUKEwjT1rbnydDoAhWQ7WEKHZEbD34Q8tMDegQICxBL&biw=800&bih=377&dpr=2,bank 2,investment 2,government 1,fund 1,management 1
"""Cambodia"" PPP loan",www.imf.org › media › Files › Publications,https://www.google.com/search?q=%22Cambodia%22+PPP+loan&safe=vss&ei=t2-JXpOfLpDbhwORt7zwBw&start=10&sa=N&ved=2ahUKEwjT1rbnydDoAhWQ7WEKHZEbD34Q8tMDegQICxBL&biw=800&bih=377&dpr=2,bank 2,investment 2,government 1,fund 1,management 1
"""Cambodia"" PPP loan",www.undp.org › rbap › docs › dev-effectiveness,https://www.google.com/search?q=%22Cambodia%22+PPP+loan&safe=vss&ei=t2-JXpOfLpDbhwORt7zwBw&start=10&sa=N&ved=2ahUKEwjT1rbnydDoAhWQ7WEKHZEbD34Q8tMDegQICxBL&biw=800&bih=377&dpr=2,bank 2,investment 2,government 1,fund 1,management 1
"""Cambodia"" PPP loan",www.unescap.org › sites › default › files,https://www.google.com/search?q=%22Cambodia%22+PPP+loan&safe=vss&ei=t2-JXpOfLpDbhwORt7zwBw&start=10&sa=N&ved=2ahUKEwjT1rbnydDoAhWQ7WEKHZEbD34Q8tMDegQICxBL&biw=800&bih=377&dpr=2,bank 2,investment 2,government 1,fund 1,management 1
"""Cambodia"" PPP loan",ppp.worldbank.org › public-private-partnership,https://www.google.com/search?q=%22Cambodia%22+PPP+loan&safe=vss&ei=t2-JXpOfLpDbhwORt7zwBw&start=10&sa=N&ved=2ahUKEwjT1rbnydDoAhWQ7WEKHZEbD34Q8tMDegQICxBL&biw=800&bih=377&dpr=2,bank 2,investment 2,government 1,fund 1,management 1
"""Cambodia"" PPP loan",en.wikipedia.org › wiki › Economy_of_Cambodia,https://www.google.com/search?q=%22Cambodia%22+PPP+loan&safe=vss&ei=wW-JXpz_OMmMoASfiqWYBA&start=20&sa=N&ved=2ahUKEwjc46PsydDoAhVJBogKHR9FCUM4ChDy0wN6BAgLED4&biw=800&bih=377,bank 2,system 1,management 1
"""Cambodia"" PPP loan",www.kiva.org › where-kiva-works › partners,https://www.google.com/search?q=%22Cambodia%22+PPP+loan&safe=vss&ei=wW-JXpz_OMmMoASfiqWYBA&start=20&sa=N&ved=2ahUKEwjc46PsydDoAhVJBogKHR9FCUM4ChDy0wN6BAgLED4&biw=800&bih=377,bank 2,system 1,management 1
"""Cambodia"" PPP loan",documents.worldbank.org › curated › pdf › 115189-replacement-PUBL...,https://www.google.com/search?q=%22Cambodia%22+PPP+loan&safe=vss&ei=wW-JXpz_OMmMoASfiqWYBA&start=20&sa=N&ved=2ahUKEwjc46PsydDoAhVJBogKHR9FCUM4ChDy0wN6BAgLED4&biw=800&bih=377,bank 2,system 1,management 1
"""Cambodia"" PPP loan",www.cdc-crdb.gov.kh › cdc › session_7_dfa,https://www.google.com/search?q=%22Cambodia%22+PPP+loan&safe=vss&ei=wW-JXpz_OMmMoASfiqWYBA&start=20&sa=N&ved=2ahUKEwjc46PsydDoAhVJBogKHR9FCUM4ChDy0wN6BAgLED4&biw=800&bih=377,bank 2,system 1,management 1
"""Cambodia"" PPP loan",www.un.org › Home › Uncategorized,https://www.google.com/search?q=%22Cambodia%22+PPP+loan&safe=vss&ei=wW-JXpz_OMmMoASfiqWYBA&start=20&sa=N&ved=2ahUKEwjc46PsydDoAhVJBogKHR9FCUM4ChDy0wN6BAgLED4&biw=800&bih=377,bank 2,system 1,management 1
"""Cambodia"" PPP loan",unknown title,https://www.google.com/search?source=hp&ei=F3CJXonMHdapoAT22bD4Aw&q=%22Cambodia%22+PPP+loan,investment 2,supply 2,water 1,bank 1,government 1,road 1,corporation 1,fund 1,transmission 1
"""Cambodia"" PPP loan",unknown title,https://www.google.com/search?source=hp&ei=F3CJXonMHdapoAT22bD4Aw&q=%22Cambodia%22+PPP+loan,investment 2,supply 2,water 1,bank 1,government 1,road 1,corporation 1,fund 1,transmission 1
"""Cambodia"" PPP loan",unknown title,https://www.google.com/search?source=hp&ei=F3CJXonMHdapoAT22bD4Aw&q=%22Cambodia%22+PPP+loan,investment 2,supply 2,water 1,bank 1,government 1,road 1,corporation 1,fund 1,transmission 1
"""Cambodia"" PPP loan",unknown title,https://www.google.com/search?source=hp&ei=F3CJXonMHdapoAT22bD4Aw&q=%22Cambodia%22+PPP+loan,investment 2,supply 2,water 1,bank 1,government 1,road 1,corporation 1,fund 1,transmission 1
"""Cambodia"" PPP loan",www.khmertimeskh.com › asia-needs-to-spend-1-...,https://www.khmertimeskh.com/50655627/asia-needs-to-spend-1-5-trillion-per-year-in-infrastructure-adb,investment 3,bank 2,management 1,fund 1,government 1,treatment 1
"""Cambodia"" PPP loan",www.khmertimeskh.com › asia-needs-to-spend-1-...,https://www.khmertimeskh.com/50655627/asia-needs-to-spend-1-5-trillion-per-year-in-infrastructure-adb,investment 3,bank 2,management 1,fund 1,government 1
